<?xml version="1.0" encoding="UTF-8"?>
<FindBugsFilter>
    <Match>
        <Class name="~.*\.R\$.*"/>
    </Match>
    <Match>
        <Class name="~.*\.Manifest\$.*"/>
    </Match>

    <!--Ignore the static App.java instance initialization-->
    <Match>
        <Class name="org.mifos.mobile.MifosSelfServiceApp"/>
        <Bug pattern="ST_WRITE_TO_STATIC_FROM_INSTANCE_METHOD" />
    </Match>

    <!--Ignore MS_MUTABLE_COLLECTION in App.java-->
    <Match>
        <Class name="org.mifos.mobile.MifosSelfServiceApp"/>
        <Bug pattern="MS_MUTABLE_COLLECTION" />
    </Match>

    <!-- All bugs in test classes, except for JUnit-specific bugs -->
    <Match>
        <Class name="~.*\.*Test" />
        <Not>
            <Bug code="IJU" />
        </Not>
    </Match>

    <!-- Ignore DM_DEFAULT_ENCODING in TestDataFactory-->
    <Match>
        <Class name="org.mifos.mobile.TestDataFactory" />
        <Method name="getObjectTypePojo" />
        <Bug pattern="DM_DEFAULT_ENCODING" />
    </Match>
    <Match>
        <Class name="org.mifos.mobile.TestDataFactory" />
        <Method name="getListTypePojo" />
        <Bug pattern="DM_DEFAULT_ENCODING" />
    </Match>

</FindBugsFilter>